-- 设置客户端连接服务器端的编码
SET NAMES UTF8;
-- 丢弃数据库，如果存在
DROP DATABASE IF EXISTS `acw`;
-- 创建数据库  设置编码
CREATE DATABASE `acw` CHARSET=UTF8;
-- 进入数据库
USE `acw`;
-- 商品详情表
CREATE TABLE `acw_details`(
    `did` INT(10) NOT NULL PRIMARY KEY AUTO_INCREMENT COMMENT '商品id',
    `subject` VARCHAR(50) NOT NULL COMMENT '商品标题',
    `taobao` DECIMAL(5,2) NULL COMMENT '淘宝价',
    `jd` DECIMAL(5,2) DEFAULT '100' NULL COMMENT '京东价',
    `price` DECIMAL(5,2) NOT NULL COMMENT '价格',
    `avatar` VARCHAR(50) NOT NULL COMMENT '商品图',
    `category_lid` smallint(5) NOT NULL COMMENT '类型id'
);

CREATE TABLE `acw_category`(
    `lid` smallint(5) NOT NULL PRIMARY KEY AUTO_INCREMENT COMMENT '类型id',
    `category_name` VARCHAR(30) NOT NULL UNIQUE KEY COMMENT '类型名称',
    `category_image` VARCHAR(50) NOT NULL UNIQUE KEY COMMENT '类型图片'
);


CREATE TABLE `acw_image`(
    `image` VARCHAR(255) NOT NULL COMMENT '详情图片',
    `details_did` INT(10) NOT NULL COMMENT '商品id'
);


CREATE TABLE `acw_cart`(
    `id` INT(10) NOT NULL PRIMARY KEY AUTO_INCREMENT COMMENT '购物车商品id',
    `subject` VARCHAR(50) NOT NULL COMMENT '购物车商品标题',
    `avatar` VARCHAR(50) NOT NULL COMMENT '商品图',
    `price` DECIMAL(5,2) NOT NULL COMMENT '价格',
    `number` SMALLINT(5) NOT NULL COMMENT '数量',
    `user_id` INT(10) COMMENT '用户id'
);


CREATE TABLE `acw_user`(
    `id` INT(10) NOT NULL PRIMARY KEY AUTO_INCREMENT COMMENT '用户id',
    `uname` VARCHAR(50) NULL UNIQUE COMMENT '用户名',
    `password` VARCHAR(32) NOT NULL COMMENT '用户密码',
    `phone` CHAR(11) NULL COMMENT '电话号码',
    `avatar` VARCHAR(50) NOT NULL DEFAULT 'unnamed.jpg' COMMENT '用户头像'
);

INSERT INTO `acw_category` (`lid`,`category_name`,`category_image`) VALUES (1,'狗粮','icon_1.png'),(2,'猫粮','icon_2.png'),(3,'猫零食','icon_3.png'),(4,'猫砂','icon_4.png'),(5,'狗零食','icon_5.png'),(6,'营养保健','icon_6.png'),(7,'洗护用品','icon_7.png'),(8,'服饰打扮','icon_8.png'),(9,'驱虫用品','icon_9.png'),(10,'日常用品','icon_10.png');

INSERT INTO `acw_details` (`did`,`subject`,`taobao`,`jd`,`price`,`avatar`,`category_lid`) VALUES (1,'疯狂小狗火腿肠15g60支',24.9,DEFAULT,13.9,'636a74e5b55d7819266452414df71292.png',5),(37,'伯纳天纯 鸡肉+糙米·樱桃小型犬成犬粮1.5kg/10KG',99,DEFAULT,62,'ec818519c6fa7c8c85bf6e134a031521.png',1),
(24,'伯纳天纯 鸡肉+糙米·樱桃小型犬幼犬粮 10KG',459,DEFAULT,364,'a775cea3075efd5f927669ae3dec92bd.png',1),(3,'伯纳天纯 鸡肉+糙米·樱桃小型犬成犬粮1.5kg/10KG',99,DEFAULT,62,'8f83bf34353a6314a53224bd5ac02269.png',1),(4,'伯纳天纯 羊肉+燕麦·蔓越莓中大型犬幼犬粮 15KG',559,DEFAULT,459,'fe0279e668dc57b401912cf0d95cd301.png',1),(5,'伯纳天纯 羊肉+燕麦·蔓越莓中大型犬成犬粮 15KG',549,DEFAULT,449,'c76cd0afb0c0cb540cfc2bf59877a91e.png',1),(6,'伯纳天纯 羊肉+燕麦·蔓越莓中大型犬成犬粮 4KG',199,DEFAULT,138,'493b7df522602938a44cb4a390446522.png',1),(7,'伯纳天纯 羊肉+燕麦·蔓越莓中大型犬幼犬粮 4KG',209,DEFAULT,148,'f5a0a110368dce639d1044b787756be7.png',1),(8,'伯纳天纯 原始狩猎系列全鱼&海藻全价全期犬粮 2kg/12KG',239,DEFAULT,155,'b33bea5e2c542f74b77bd850291c051d.jpg',1),(9,'伯纳天纯草原红肉狗粮 全犬期通用型 体制管理2kg/12kg',219,DEFAULT,158,'bd1208d1a508952a8e00ec02694aeee1.jpg',1),(10,'伯纳天纯鸭肉梨狗粮 全犬期通用型 清火去泪痕粮2kg/12kg',219,DEFAULT,158,'cfc8fe31d3d355775f1eb92321f0f4db.jpg',1),(11,'皇家小型犬幼犬粮专用狗粮2kg MIJ31',147,DEFAULT,96,'2e38461768d1c6bf61a4b7627d12348e.png',1),(12,'皇家泰迪贵宾成犬粮专用狗粮3kg PD30',262,DEFAULT,158,'05fbf0c27486db8ffbb08e1aa2f40b12.png',1),(13,'皇家中型犬幼犬粮专用狗粮15kg MEJ32',660,DEFAULT,470,'5f215ced3f4f30fd56d29ffd04016a7b.png',1),(14,'皇家大型犬幼犬粮专用狗粮4kg  MAJ30',208,DEFAULT,151,'8ac72a9d9daae82b0d3d5a85aed4b4d9.png',1),(15,'耐威克泰迪贵宾老年犬专用 天然狗粮2.5kg',69.9,DEFAULT,61.5,'c2fb562eded6021083f7ff268e262b6e.jpg',1),(16,'耐威克全犬种老年犬通用型 天然狗粮2.5kg',59.9,DEFAULT,53,'51795b969a1c822b98788eec99d36327.jpg',1),(17,'巅峰ziwi牛肉配方风干狗粮1kg',378,DEFAULT,272,'31ecbb64ac4f34f7cffc987f3181ec5b.png',1),(18,'巅峰ziwi牛肉配方风干狗粮454g',208,DEFAULT,162,'e26c57f0289bb212908a798d7344ce8b.png',1),(19,'巅峰ziwi牛肉配方风干狗粮2.5kg',849,DEFAULT,663,'10c6ee17ec73e4eb086d870c8de154d5.png',1),(20,'巅峰ziwi马鲛鱼+羊肉配方风干狗粮454g',256,DEFAULT,189,'e9a269f2632c51d8e22df843e957c92a.png',1),(21,'爱肯拿无谷海洋盛宴配方猫粮1.8公斤（全猫种',245,DEFAULT,206,'bc3d139d09f9bc06c2f300e4d570b1a2.jpg',2),(22,'伯纳天纯 沙丁鱼+紫薯·蔓越莓幼猫猫粮 1.5KG',128,DEFAULT,91,'93742c3d3b848cd7b4022dcfc02453d4.png',2),(23,'伯纳天纯 沙丁鱼+紫薯·蔓越莓幼猫猫粮 10KG',499,DEFAULT,399,'53f6106773b133e892ff53b5b268a245.png',2),(2,'伯纳天纯经典系列金枪鱼+马铃薯·蔓越莓成猫猫粮 10KG',479,DEFAULT,389,'f435e6e57995c860284b2e20563ca460.png',2),(25,'Orijen渴望 六种鲜鱼无谷全猫粮 1.8kg',320,DEFAULT,276,'62fafdfeae142bd1d3397cf36681d334.png',2),(26,'素力高金装进口猫粮12磅/5.44kg',418,DEFAULT,340,'359b7a4cd766ed68f9f8f6923d598dd6.jpg',2),(27,'巅峰ziwi马鲛鱼+羊肉配方风干猫粮1kg',408,DEFAULT,306,'e4d6ed44bc2d484550e16675d7fbc83f.png',2),(28,'【养猫必备】猫草种子水培猫草除毛球猫草种籽',14.9,DEFAULT,4.9,'652a75e07552c3b160fb815a90e95ace.jpg',3),(29,'喵达冻干 猫零食肉干 幼猫成猫磨牙洁齿猫咪营养食品',28,DEFAULT,25,'dc257cef246508a78e8b9f12f39ec653.jpg',3),(30,'可优可优冻干纯鲜鲜肉 猫咪增肥发腮猫零食',11.9,DEFAULT,9.9,'05babd4d0534e04a50bbd8a999f2d5ce.jpg',3),(31,'伊纳宝妙好金枪鱼猫咪湿粮鲜封包60g',12.9,DEFAULT,9.9,'05fc43abefe8b47ad09a183705093211.jpg',3),(32,'日本爱丽思猫罐头主食罐100g增肥营养',12.9,DEFAULT,9.9,'fbb29d99f7d52bf56af147a3296f030d.jpg',3),(33,'GAINES佳乐滋猫砂除臭消臭珠淡雅花卉香味450ml',38.8,DEFAULT,29.9,'68553b1b0f4af71ab2d4f3c9d16aea93.jpg',4),(34,'耐威克 绿茶味10L无尘除臭膨润土猫砂8kg',68.8,DEFAULT,49.9,'acfb994afdfb05440a98da339df93ff3.jpg',4),(35,'蓝钻猫砂绿标薄荷香味 25磅 11.3kg',178,DEFAULT,128,'018a5a23aa15e265cfea43ca05547e12.jpg',4),(36,'宠确幸宠物猫砂天然植物豆腐砂4L',29,DEFAULT,19,'b609881b0d6c0a7e34963366dbb86a03.jpg',4),(38,'疯狂小狗100g训练奖励零食 补钙零嘴',15.9,DEFAULT,9.9,'fffd2a71f250e18d7a027194a09948fd.jpg',5),(39,'耐威克宠物洁齿骨头 中大型犬狗狗零食磨牙棒',26.5,DEFAULT,23.9,'2108120ee96314e8a1e5be628c3b15cf.jpg',5),(40,'耐威克宠物零食小型犬训练咬胶100g 天然牛肉味',14.9,DEFAULT,12.28,'8f29fe54fe37d26b060d3aecca62b9d9.jpg',5),(41,'佰莱仕猫咪专用犬猫通用益生菌/止泻强',79,DEFAULT,48,'b0ba4651078428a630b5f422341462ed.jpg',6),(42,'临期特价！毅和速补力 应激提高免疫力',68,DEFAULT,45,'329c58ab60ff51f6b62c250927366d13.jpg',6),(43,'卫仕狗卵磷脂220克 500克',65,DEFAULT,39.9,'d35611a629b14752c4aab447f61a3ad4.jpg',6),(44,'卫仕海藻颗粒220克 500克',65,DEFAULT,39.9,'f75938f6abdc8d60c785501fed53e57c.jpg',6),(45,'特价！慷修元宠物护理香波 买一送一',128,DEFAULT,60,'c3064320f488c495ef2619d3e7925a3e.jpg',7),(46,'可鲁宠物外伤消炎猫狗消毒喷剂凝胶',48,DEFAULT,39,'49550abd3c9a078297a5297bacf61ba0.jpg',7),(47,'kojima狗狗牙刷牙膏 宠物口腔口臭清洁牙洁齿',34,DEFAULT,24,'e43ac7909c4f81d690742f6d21a3873a.jpg',7),(48,'疯狂小狗可食用狗狗专用 牙刷牙膏套装',19,DEFAULT,15.5,'88e19855407015b195b69afb9df2e0b2.jpg',7),(49,'【一盒3支】大宠爱犬猫通用驱虫药 体内体外同驱<2.5kg/15mg 【犬猫通用】',168,DEFAULT,135.4,'d0eaba231aca8e329974666b115b5749.jpg',9),(50,'【单只】大宠爱犬猫通用驱虫药 体内体外同驱<2.5kg/15mg 【犬猫通用】',73,DEFAULT,59.3,'d4286bfdefe53eef3acfd7ed2789642c.jpg',9),(51,'小宠蚤立清体外驱虫大型犬滴剂  去虱子蜱虫3.0ml',35,DEFAULT,22,'ff8de84072f6dc5724db4490a36f8ef0.jpg',9),(52,'【单只】大宠爱大型犬驱虫药 体内体外同驱20.1-42.5kg/240mg【大型犬用】',146,DEFAULT,113,'7622df30ec27240c99df0701b8c11666.jpg',9),(53,'除毛神器 家用清理宠物毛发 猫狗除毛刷',19.9,DEFAULT,12.9,'6645df7aa2425e76c2d8b54d954bf5fa.jpg',10),(54,'【立减5元】PurLab美食逗猫棒玩具 耐咬猫薄荷',30,DEFAULT,25,'c2bd5cc9b674200aac2f7568fa21d90a.jpg',10),(55,'【立减5元】pidan小怪兽猫玩具 内置猫薄荷毛绒磨牙玩具',30,DEFAULT,25,'e602bc94eacdbbd0302bf6b8da8f22d2.jpg',10),(56,'【立减5元】年糕NIANGAO喵币猫抓板纸窝 猫玩具',39,DEFAULT,34,'4aa07fcd8f37ce655667cc4e9986c1c1.jpg',10);

INSERT INTO `acw_image` (`image`,`details_did`) VALUES ('ec818519c6fa7c8c85bf6e134a031521.png#8a12190cacb656c241732ec79b94de6a.jpg#20cb2fa9929f059a6cd35b3bc0e9d083.jpg#aaa3a9757fc04583f7006c299bbb7578.jpg#e557025c9df81b61363d3f07505f1fd0.jpg#d36dc27a28540d28344527e0211c3496.jpg',37),('a775cea3075efd5f927669ae3dec92bd.png#c8ffb8fa3b3508a1988c312675edf300.jpg#73eddb3a7e27bc10e5cc036993dda9c5.jpg#e3f6e697262639e394502bfb6064afc5.jpg#773ab8e95363df09d75f9ac738a4d369.jpg#dc5864ef4176a3918f89feafd5f0cfc8.jpg',24),('8f83bf34353a6314a53224bd5ac02269.png#7497c37289b64b9fb2ded9843dca5996.jpg#61b08f3b1b8e0da08c27ce33094d4f89.jpg#8a44908fef399ae7124b748e45752d74.jpg#e70c3d43987ee7a566fd37c0a077473c.jpg#72efd0927aea0ed82e01c73381c1d498.jpg',3),('fe0279e668dc57b401912cf0d95cd301.png#c85201301d38ae586bfb9f2a64c9541b.jpg#140a7cd0e432964f9c8b6eefd2693bea.jpg#e2bba9aa3fe6c68bd6c7e3e975c514c3.jpg#cfda15f63dd6c0918a0ebe90960bdaf5.jpg#1975c2d52722571b8fcde13023ed602b.jpg',4),('c76cd0afb0c0cb540cfc2bf59877a91e.png#f6c0415c044c96941f1249c679e8a77e.jpg#e819417a70a7a3aad6747b363e61c79a.jpg#05bf7e1d94f38e3e96a5c8092c9f8d62.jpg#fbddbf36001de3a64550b0370065cb9f.jpg#6a900846a2c5a88936f07cb75e9c0629.jpg',5),('493b7df522602938a44cb4a390446522.png#76160289bc95f598fbd6c1ffefbd46a3.jpg#28d4bde8f873e762d4b2277c6cdcf57e.jpg#d38671c78392d1a5e4e30272f01cf685.png#bf48ff55852989bdad6457ad91e156a9.png#f00831c165da720b77a180a099eeba96.png',6),('f5a0a110368dce639d1044b787756be7.png#6811b2a72453033cb05b1f70a7b99432.jpg#614107dd7a3c81968fa21c78ac503008.jpg#be31bd79756ec6d2cb2e3dbd88dda561.jpg#d920c6476df1c0bfe1bfb216a94a5e4b.jpg',7),('b33bea5e2c542f74b77bd850291c051d.jpg#96b6c31b6bda26b16d121ed0241168d0.jpg#18cef99433761d24a507f43aff347802.jpg#db6cadef81af2cbb956b680008536a1c.jpg',8),('bd1208d1a508952a8e00ec02694aeee1.jpg#96b6c31b6bda26b16d121ed0241168d0.jpg#18cef99433761d24a507f43aff347802.jpg#db6cadef81af2cbb956b680008536a1c.jpg',9),('cfc8fe31d3d355775f1eb92321f0f4db.jpg#80d541ac419e05a9fa9d38473fd2ab94.jpg#72fa6c937be24946a78ab9c542db8d0c.jpg#4d22caed71ef6ef692782e251ef4c3d9.jpg#8e43ce7c721450cad5a7e1e49ccc6321.jpg',10),('2e38461768d1c6bf61a4b7627d12348e.png#a1bdadab28a340ca2f3ea8b703ba65cc.jpg#891f4fac247cfb62337c4e7ac89f39bd.jpg#92516c7c4e212f058518be8de3651efc.jpg',11),('05fbf0c27486db8ffbb08e1aa2f40b12.png#a1bdadab28a340ca2f3ea8b703ba65cc.jpg#891f4fac247cfb62337c4e7ac89f39bd.jpg#92516c7c4e212f058518be8de3651efc.jpg',12),('5f215ced3f4f30fd56d29ffd04016a7b.png#a1bdadab28a340ca2f3ea8b703ba65cc.jpg#891f4fac247cfb62337c4e7ac89f39bd.jpg#92516c7c4e212f058518be8de3651efc.jpg',13),('8ac72a9d9daae82b0d3d5a85aed4b4d9.png#a1bdadab28a340ca2f3ea8b703ba65cc.jpg#891f4fac247cfb62337c4e7ac89f39bd.jpg#92516c7c4e212f058518be8de3651efc.jpg',14),('c2fb562eded6021083f7ff268e262b6e.jpg#4310c375983d8468ec359ab65230057f.jpg#0e49e4fd35188313d8562cd55e41c51a.jpg#2be4cf747d3c07f57c0b5f9e10806381.jpg',15),('51795b969a1c822b98788eec99d36327.jpg#4310c375983d8468ec359ab65230057f.jpg#0e49e4fd35188313d8562cd55e41c51a.jpg#2be4cf747d3c07f57c0b5f9e10806381.jpg',16),('31ecbb64ac4f34f7cffc987f3181ec5b.png#1a8b9a01fcbebf5a23693cf69b59d5f1.jpg#02c2a7c9a5bda3e518ecd471fa78bf74.jpg#7ca10d018b677c0695e0e7e55cdac90f.jpg',17),('31ecbb64ac4f34f7cffc987f3181ec5b.png#1a8b9a01fcbebf5a23693cf69b59d5f1.jpg#02c2a7c9a5bda3e518ecd471fa78bf74.jpg#7ca10d018b677c0695e0e7e55cdac90f.jpg',18),('31ecbb64ac4f34f7cffc987f3181ec5b.png#1a8b9a01fcbebf5a23693cf69b59d5f1.jpg#02c2a7c9a5bda3e518ecd471fa78bf74.jpg#7ca10d018b677c0695e0e7e55cdac90f.jpg',19),('31ecbb64ac4f34f7cffc987f3181ec5b.png#1a8b9a01fcbebf5a23693cf69b59d5f1.jpg#02c2a7c9a5bda3e518ecd471fa78bf74.jpg#7ca10d018b677c0695e0e7e55cdac90f.jpg',20),('bc3d139d09f9bc06c2f300e4d570b1a2.jpg#1ba42657586275bdcdd2687012c08a48.jpg#2b786ac39e5acdc904156d9750d30d56.jpg#1037389e5826098b95cfb28079b0c29a.jpg',21),('93742c3d3b848cd7b4022dcfc02453d4.png#1ba42657586275bdcdd2687012c08a48.jpg#2b786ac39e5acdc904156d9750d30d56.jpg#1037389e5826098b95cfb28079b0c29a.jpg',22),('53f6106773b133e892ff53b5b268a245.png#1ba42657586275bdcdd2687012c08a48.jpg#2b786ac39e5acdc904156d9750d30d56.jpg#1037389e5826098b95cfb28079b0c29a.jpg',23),('f435e6e57995c860284b2e20563ca460.png#1ba42657586275bdcdd2687012c08a48.jpg#2b786ac39e5acdc904156d9750d30d56.jpg#1037389e5826098b95cfb28079b0c29a.jpg',2),('62fafdfeae142bd1d3397cf36681d334.png#1ba42657586275bdcdd2687012c08a48.jpg#2b786ac39e5acdc904156d9750d30d56.jpg#1037389e5826098b95cfb28079b0c29a.jpg',25),('359b7a4cd766ed68f9f8f6923d598dd6.jpg#1ba42657586275bdcdd2687012c08a48.jpg#2b786ac39e5acdc904156d9750d30d56.jpg#1037389e5826098b95cfb28079b0c29a.jpg',26),('e1e0ef761aa15a732b06fbf0d2a5030c.png#1ba42657586275bdcdd2687012c08a48.jpg#2b786ac39e5acdc904156d9750d30d56.jpg#1037389e5826098b95cfb28079b0c29a.jpg',27),('652a75e07552c3b160fb815a90e95ace.jpg#4ef6db5f82c552b1fd4e5ef88409aecb.jpg#cc3562195e46dec41eaa53de6ba57942.jpg#90284e282136da72221ada71952f875c.jpg',28),('dc257cef246508a78e8b9f12f39ec653.jpg#ef3872bf0a534e5d42b0da6368ba7b2f.jpg#b1893e22c95dce448d5da6e090709373.jpg#ae4c13c0cdb473a61f7e6234157801b3.jpg',29),('05babd4d0534e04a50bbd8a999f2d5ce.jpg#8f4c38bcf87288f8cd809080659343e1.jpg#8113f8d1d901076c393d9433e905a992.jpg#4d4b16cfe7e2c8814a6d703c41f19c08.jpg',30),('05fc43abefe8b47ad09a183705093211.jpg#ce0b366927259e998bab3a5da9212dab.jpg#b45658855d37869336a6c89d0cc3a2ea.jpg#75eb28740909f318028b81c7ecf902bd.jpg',31),('fbb29d99f7d52bf56af147a3296f030d.jpg#ce0b366927259e998bab3a5da9212dab.jpg#b45658855d37869336a6c89d0cc3a2ea.jpg#75eb28740909f318028b81c7ecf902bd.jpg',32),('68553b1b0f4af71ab2d4f3c9d16aea93.jpg#782194f97c9efcc3836278bed44a9c84.jpg#b4a4c24bca21cdca5b589df78ecc3296.jpg#428550ebd4c4da6e1d26ef0ca52567d9.jpg',33),('acfb994afdfb05440a98da339df93ff3.jpg#782194f97c9efcc3836278bed44a9c84.jpg#b4a4c24bca21cdca5b589df78ecc3296.jpg#428550ebd4c4da6e1d26ef0ca52567d9.jpg',34),('993f0fda74b2ccc941ecbd669681d52b.jpg#782194f97c9efcc3836278bed44a9c84.jpg#b4a4c24bca21cdca5b589df78ecc3296.jpg#428550ebd4c4da6e1d26ef0ca52567d9.jpg',35),('b609881b0d6c0a7e34963366dbb86a03.jpg#782194f97c9efcc3836278bed44a9c84.jpg#b4a4c24bca21cdca5b589df78ecc3296.jpg#428550ebd4c4da6e1d26ef0ca52567d9.jpg',36),('636a74e5b55d7819266452414df71292.png#f626deb6c94d587db133badbfc1c8d9f.jpg#3dfe37a3933d6b71ed1bb4be29945de6.jpg#dbc7b19b48d738a66006836518f7aa34.jpg',1),('fffd2a71f250e18d7a027194a09948fd.jpg#f626deb6c94d587db133badbfc1c8d9f.jpg#3dfe37a3933d6b71ed1bb4be29945de6.jpg#dbc7b19b48d738a66006836518f7aa34.jpg',38),('288f5dc30085dfd3e8bc20e22fc3b28e.jpg#f626deb6c94d587db133badbfc1c8d9f.jpg#3dfe37a3933d6b71ed1bb4be29945de6.jpg#dbc7b19b48d738a66006836518f7aa34.jpg',39),('8f29fe54fe37d26b060d3aecca62b9d9.jpg#f626deb6c94d587db133badbfc1c8d9f.jpg#3dfe37a3933d6b71ed1bb4be29945de6.jpg#dbc7b19b48d738a66006836518f7aa34.jpg',40),('b0ba4651078428a630b5f422341462ed.jpg#e1c592cf27f0e2e74a533b26b276b6aa.jpg#119752939bd9ba169ae77f23aee2477a.jpg#858a4c4606e26286bd7e548526462168.jpg',41),('329c58ab60ff51f6b62c250927366d13.jpg#e1c592cf27f0e2e74a533b26b276b6aa.jpg#119752939bd9ba169ae77f23aee2477a.jpg#858a4c4606e26286bd7e548526462168.jpg',42),('871882daf29aa83f85d64cad2d2dba8b.jpg#e1c592cf27f0e2e74a533b26b276b6aa.jpg#119752939bd9ba169ae77f23aee2477a.jpg#858a4c4606e26286bd7e548526462168.jpg',43),('f75938f6abdc8d60c785501fed53e57c.jpg#e1c592cf27f0e2e74a533b26b276b6aa.jpg#119752939bd9ba169ae77f23aee2477a.jpg#858a4c4606e26286bd7e548526462168.jpg',44),('c3064320f488c495ef2619d3e7925a3e.jpg#8afbbf162bd051a9c3c2fbb169488092.jpg#dbdf08e9207f18ce63f7bc6aed3a01d7.jpg#c304677bfe7d3949cb486c04de0e11e2.jpg',45),('49550abd3c9a078297a5297bacf61ba0.jpg#8afbbf162bd051a9c3c2fbb169488092.jpg#dbdf08e9207f18ce63f7bc6aed3a01d7.jpg#c304677bfe7d3949cb486c04de0e11e2.jpg',46),('e43ac7909c4f81d690742f6d21a3873a.jpg#8afbbf162bd051a9c3c2fbb169488092.jpg#dbdf08e9207f18ce63f7bc6aed3a01d7.jpg#c304677bfe7d3949cb486c04de0e11e2.jpg',47),('88e19855407015b195b69afb9df2e0b2.jpg#8afbbf162bd051a9c3c2fbb169488092.jpg#dbdf08e9207f18ce63f7bc6aed3a01d7.jpg#c304677bfe7d3949cb486c04de0e11e2.jpg',48),('d0eaba231aca8e329974666b115b5749.jpg#42bf6fe8c3e7cc7753b2bdc1340d7b40.jpg#cdac885cfbd777cf9bddf24305e9de2e.jpg#e475c7d2eecfff4eec58f0bb290578dc.jpg',49),('d4286bfdefe53eef3acfd7ed2789642c.jpg#42bf6fe8c3e7cc7753b2bdc1340d7b40.jpg#cdac885cfbd777cf9bddf24305e9de2e.jpg#e475c7d2eecfff4eec58f0bb290578dc.jpg',50),('ff8de84072f6dc5724db4490a36f8ef0.jpg#42bf6fe8c3e7cc7753b2bdc1340d7b40.jpg#cdac885cfbd777cf9bddf24305e9de2e.jpg#e475c7d2eecfff4eec58f0bb290578dc.jpg',51),('7622df30ec27240c99df0701b8c11666.jpg#42bf6fe8c3e7cc7753b2bdc1340d7b40.jpg#cdac885cfbd777cf9bddf24305e9de2e.jpg#e475c7d2eecfff4eec58f0bb290578dc.jpg',52),('6645df7aa2425e76c2d8b54d954bf5fa.jpg#df2ac602be88fd96547d45efa02f51b9.jpg#c72356a097ffb5b67cec1d18ab012f32.jpg#147415a755a797adde51653ce26b151a.jpg',53),('c2bd5cc9b674200aac2f7568fa21d90a.jpg#df2ac602be88fd96547d45efa02f51b9.jpg#c72356a097ffb5b67cec1d18ab012f32.jpg#147415a755a797adde51653ce26b151a.jpg',54),('e602bc94eacdbbd0302bf6b8da8f22d2.jpg#df2ac602be88fd96547d45efa02f51b9.jpg#c72356a097ffb5b67cec1d18ab012f32.jpg#147415a755a797adde51653ce26b151a.jpg',55),('4aa07fcd8f37ce655667cc4e9986c1c1.jpg#df2ac602be88fd96547d45efa02f51b9.jpg#c72356a097ffb5b67cec1d18ab012f32.jpg#147415a755a797adde51653ce26b151a.jpg',56);


CREATE TABLE `aichong_quesansw` (
  `id` int(10) unsigned NOT NULL AUTO_INCREMENT COMMENT '问题文章ID,主键且自增',
  `subject` varchar(50) NOT NULL COMMENT '问题文章标题',
  `description` varchar(255) NOT NULL COMMENT '问题文章简介',
  `content` mediumtext NOT NULL COMMENT '问题文章正文',
  `vote_numbers` decimal(10,1) NOT NULL COMMENT '阅读数量',
  `doctor_id` int(10) unsigned NOT NULL COMMENT '外键,医生ID，参考aichong_doctor表',
  `category_id` smallint(5) unsigned NOT NULL COMMENT '外键,文章分类ID，参考问题分类表',
  PRIMARY KEY (`id`)
);


--
-- Dumping data for table `aichong_quesansw`
--


INSERT INTO `aichong_quesansw` (`id`,`subject`,`description`,`content`,`vote_numbers`,`doctor_id`,`category_id`) VALUES (1,'猫咪能吃鸡蛋吗','有的猫咪可以吃鸡蛋，有的猫咪吃了鸡蛋之后会有一些不良反应，所以猫咪能不能吃鸡蛋要根据实际情况来看。1、有家长反应说，不同的...','<p>1、有家长反应说，不同的猫咪个体其体质不同，它们对鸡蛋的适应能力也不一样。有些猫咪可以适当的多吃一些鸡蛋，然而有些猫咪只能吃一点点甚至是不能吃。此外，有些猫咪只适合吃鸡蛋黄，而且是煮熟的鸡蛋，生的鸡蛋和蛋清都不能吃。</p><p class="acimg"><img src="http://images.ichong123.com/uploads/image/2018/07/05/dccd55297cda9f058149a0d0a38ce401.jpg" title="/uploads/image/2018/07/05/dccd55297cda9f058149a0d0a38ce401.jpg" alt="3.jpg"/></p><p>　　2、所以说，猫咪能否吃鸡蛋还要根据实际情况来看。作为家长可以尝试给狗狗吃一些熟的鸡蛋，观察其身体反应。如果猫咪没有异常反应那么可以适当的给它吃一些，反之如果猫咪有异常反应，那么以后还是不要在给猫咪吃鸡蛋了。</p><p>　　可以先试着给自己的猫咪吃一点鸡蛋试试，看看有没有什么不良反应，如果没有再给猫咪吃鸡蛋。</p><p><br/></p>',6.8,1,2);
INSERT INTO `aichong_quesansw` (`id`,`subject`,`description`,`content`,`vote_numbers`,`doctor_id`,`category_id`) VALUES (2,'小狗能吃什么','新养的小狗狗三个月以内的饮食尽量控制在只吃狗粮、营养膏和肠胃调理冲剂。简单详解：1、新生小狗狗40天以内尽量只吃母乳；2、40','<p>新养的小狗狗三个月以内的饮食尽量控制在只吃狗粮、营养膏和肠胃调理冲剂。</p><p><strong>简单详解：</strong></p><p>1、新生小狗狗40天以内尽量只吃母乳；</p><p>2、40至60天的狗狗尽量只吃用开水泡软冷却后的狗粮，有助于小狗狗消化；</p><p>3、60至90天尽量只吃狗粮狗粮、营养膏和肠胃调理冲剂；</p><p>总结：小狗在90天以内，一定要控制食量，狗狗不怕饿，怕撑。很多狗狗得细小的原因都在于暴饮暴食，把胃撑坏了，出现然后出现便血情况，如果这个时候去医院检查基本都是细小，所以小狗的饮食控制，一定要切记切记；</p><p class="acimg"><img src="http://images.ichong123.com/uploads/image/2018/07/01/4baec58ec5cf6ae795b9938dda190044.jpg" title="/uploads/image/2018/07/01/4baec58ec5cf6ae795b9938dda190044.jpg" alt="2.jpg"/></p><p><strong>狗不能吃的食物：</strong></p><p>1、巧克力：会致使狗狗有生命危险，坚决不可以吃;</p><p>2、中葱和洋葱：不可以吃，会导致狗狗严重贫血;</p><p>3、鸡骨头：小狗不可以吃，由于鸡骨头中间是通心的，特别容易咬碎，会划伤小狗狗肠道，以免引起肠道出现等现象;</p><p>4、小骨头：大的骨头可以吃(腿骨、棒子骨等)，</p><p>5、鱼骨头：狗狗可以吃鱼，但是主人一定要把鱼刺挑出来，以免会卡到狗狗的喉咙;</p><p>6、生鸡蛋：不可以吃，会导致狗狗拉肚子，不利于毛发的生长，</p><p>7、生肉：不可以吃，会导致狗狗消化不良而引起拉肚子，还容易滋生细菌</p><p>8、牛奶：特别是幼犬，千万不能喝，会拉肚子，</p><p>9、葡萄：因为有的狗狗会对葡萄比较敏感，建议你千万不要尝试，严重的话会导致狗狗肾功能出问题哦;</p><p>10、野生菌类：千万不要给狗狗吃，有很多野山菌都有毒素，会致命的;</p><p>11、刺激性食物：刺激性较大的食物(辣椒、花椒)反正大料一类的你就尽量不让它接触，</p><p>12、含油量大的食物：幼犬不能吃，它消化不了;</p><p>13、动物内脏：这个尤其重要，特别是幼犬，不可以多吃，因为动物内脏里含有维生素A，狗狗对此成分无法吸收，会引起中毒的，还会导致狗狗缺钙等其它疾病;</p><p>14、太咸的食物：就比如我们人类吃的食物，不仅含盐量大，并且油脂也大。不能让狗狗长期食用。</p>',7.2,2,1);
INSERT INTO `aichong_quesansw` (`id`,`subject`,`description`,`content`,`vote_numbers`,`doctor_id`,`category_id`) VALUES (3,'什么狗不掉毛','所有的狗狗都会掉毛，只有掉毛多少的区分，在宠物狗里面掉毛量最少的是泰迪，也被称为“贵宾犬”、“贵妇犬”或“卷毛狗”，起源于欧洲...','<p>所有的狗狗都会掉毛，只有掉毛多少的区分，在宠物狗里面掉毛量最少的是泰迪，<span style="color: rgb(25, 25, 25); font-family: PingFang SC, Arial, 微软雅黑, 宋体, simsun, sans-serif; background-color: rgb(255, 255, 255);">也被称为“贵宾犬”、“贵妇犬”或“卷毛狗”，起源于欧洲，聪明而善解人意，一直被认为是法国的国犬。<span style="color: rgb(25, 25, 25); font-family: PingFang SC, Arial, 微软雅黑, 宋体, simsun, sans-serif; background-color: rgb(255, 255, 255);">另外梗犬的毛不爱掉，但是也比较特殊：柔软细密容易打卷，需要细心理毛。</span></span></p><p class="acimg"><img src="http://images.ichong123.com/uploads/image/2018/07/01/dfc7f33fb48af2e39d4f0eb558800bab.jpg" title="/uploads/image/2018/07/01/dfc7f33fb48af2e39d4f0eb558800bab.jpg" alt="1.jpg"/><span style="color: rgb(25, 25, 25); font-family: PingFang SC, Arial, 微软雅黑, 宋体, simsun, sans-serif; background-color: rgb(255, 255, 255);"></span></p><p>还有一种狗狗也掉毛很少，人见人爱的比熊，<span style="color: rgb(25, 25, 25); font-family: PingFang SC, Arial, 微软雅黑, 宋体, simsun, sans-serif; background-color: rgb(255, 255, 255);">性情开朗，活泼、聪明、勇敢、机警，感情丰富，有较强的适应能力。它忠实于主人，但也具有坚强的个性。温和而守规矩，敏感、顽皮、且挚爱。</span></p><p><span style="color: rgb(25, 25, 25); font-family: PingFang SC, Arial, 微软雅黑, 宋体, simsun, sans-serif; background-color: rgb(255, 255, 255);" class="acimg"><img src="http://images.ichong123.com/uploads/image/2018/07/01/80674d7c7726ba8f6459f34ac6647378.jpg" title="/uploads/image/2018/07/01/80674d7c7726ba8f6459f34ac6647378.jpg" alt="2.jpg"/></span></p>',5.5,1,2);
INSERT INTO `aichong_quesansw` (`id`,`subject`,`description`,`content`,`vote_numbers`,`doctor_id`,`category_id`) VALUES (4,'狗为什么不能吃盐 其实是常识性错误','可以吃盐的，大家一定碰到过很多人说狗不能吃盐，其实是一种错误的理解，比如医生说不能让小孩吃太多糖，父母就不给小孩吃糖了。','<p class="acimg"><img src="http://images.ichong123.com/uploads/image/2018/06/09/10b8b94e9d7ab8a1afa4b76f14972473.jpg" title="/uploads/image/2018/06/09/10b8b94e9d7ab8a1afa4b76f14972473.jpg" alt="yan.jpg"/></p><p>　　<strong>一、狗狗需要吃盐</strong></p><p>　　生物本身需要新陈代谢，而食盐中的钠离子正是代谢必不可少的一部分。所以说，在没有其它来源摄入钠离子的情况下，狗狗是必须吃盐的，但要控制在标准内。通常含水分10%的干狗粮中，食盐的要求量应有1%以上。如果1公斤体重的狗狗，每天吃20克狗粮。举例说明1只25公斤的萨摩，每天至少需要盐500毫克。如果狗狗体内缺乏盐分，也会出现掉毛现象。</p><p><br/></p><p>　　<strong>二、狗狗不能吃太多盐</strong></p><p>　　但同时我们也需要注意不能让狗狗吃太多盐，这样会导致食盐过量特别水不足时，引起狗狗挑食、脱毛、易诱发皮肤、肾脏问题、高血压等问题，甚至严重的话会出现食物中毒、心脏问题和瘫痪等病症。</p><p><br/></p>',8.8,1,1);
INSERT INTO `aichong_quesansw` (`id`,`subject`,`description`,`content`,`vote_numbers`,`doctor_id`,`category_id`) VALUES (5,'狗为什么吃屎呢_爱宠问答','狗吃屎的行为，是犬类行为中比较常见的，在医学上说称呼为异食癖。异食癖的形成主要由疾病或者外界行为因素导致，详细如下：一、','<p><br/></p><p>　　一、疾病导致原因：</p><p><br/></p><p>　　1、消化酶的缺乏</p><p><br/></p><p>　　第一种情况，在没有被人类驯服之前，狗在自然环境中的食物，是生的其它动物。这些被吃掉的动物往往都还保留着内脏，而这些内脏中还还有大量的消化酶。当狗将这些食物吃了之后，狗自身分泌的消化酶加上被吃掉的动物内脏中的消化酶，足以将这些食物消化。</p><p><br/></p><p>　　但是，当狗被人类驯服之后，狗的食物发生了变化，由生的变为熟食。这样导致它们消化酶不足，不能将食物完全消化，排出的大便中其实还有相当一部分残留的营养物质，此时嗅觉灵敏的它们在闻到这些营养物质之后，可能会选择吃掉大便再次消化。</p><p><br/></p><p>　　第二种情况，假如狗狗的胰腺不能正常工作，分泌的消化酶减少或者不分泌消化酶的话，它们也会选择吃掉因消化不完全而残留营养物质的大便。</p><p class="acimg"><img src="http://images.ichong123.com/uploads/image/2018/06/27/d89cb9a0c66c6065b6c7db78f16bb62a.jpg" style="" title="/uploads/image/2018/06/27/d89cb9a0c66c6065b6c7db78f16bb62a.jpg"/></p><p><br/></p><p>　　2、狗体内微量元素过少，导致狗出现异食癖。通过这种方式补充微量元素。</p><p><br/></p><p>　　3、寄生虫的问题，如果有寄生虫寄生在肠道里，吸收掉食物的大量养分，狗仍然感觉到饿，便会去吃自己的大便。</p><p><br/></p><p>　　4、糖尿病、甲状腺疾病，这个疾病原理跟人的相似，由于肾与甲状腺的问题，导致葡萄糖的流失。患此类疾病的狗，因缺乏营养而食量大增，饿到去吃自己的大便，但是身体却因为没有将营养物质吸收而日渐消瘦。</p><p class="acimg"><img src="http://images.ichong123.com/uploads/image/2018/06/27/40e262a1b616fdb3382b248daea9eb93.jpg" title="/uploads/image/2018/06/27/40e262a1b616fdb3382b248daea9eb93.jpg" style="white-space: normal;"/></p><p><br/></p><p>　　二、外界行为因素导致原因：</p><p><br/></p><p>　　1、天性行为：在野外环境中，隐藏自己的行踪非常重要。母狗生完小狗会舔小狗生殖器和肛门的地方，同时吃掉以保环境清洁干净，除了刺激小狗大小便，还可以防止味道外泄，以避免被其它的动物的捕猎，属于正常的母性行为。这是隐匿行踪的一种方法。</p><p><br/></p><p>　　2、天性行为：狗本身带有一定的食腐的天性，一些大便的味道，对它们有巨大的吸引力，对它们而言，吃翔是一种享受。</p><p><br/></p><p>　　3、操作性学习行为：对家养狗来说，狗子可能因为随地大小便被主人惩罚过，所以狗会认为将自己的大便吃掉就不会再被惩罚了。</p><p><br/></p><p>　　4、模仿行为：年龄小的狗狗可能会模仿年龄大的狗，比如自己的妈妈，比如偶尔遇到的吃大便的成年狗。</p><p><br/></p><p>　　5、狗狗有可能因为主人喂食不够而吃自己的大便充饥。</p>',2.1,2,1);
INSERT INTO `aichong_quesansw` (`id`,`subject`,`description`,`content`,`vote_numbers`,`doctor_id`,`category_id`) VALUES (6,'猫吃虾的危害','猫吃虾的危害主要是过量食用导致消化不良出现呕吐拉稀等问题，不能吃生虾，有感染细菌的风险，比如大肠杆菌、沙门氏菌、李斯特菌','<p>猫吃虾的危害主要是过量食用导致消化不良出现呕吐拉稀等问题，不能吃生虾，有感染细菌的风险，比如大肠杆菌、沙门氏菌、李斯特菌等。猫咪吃虾能够补充蛋白质，维生素B12及矿物质磷、硒、胆碱、铜、碘等，虾中还含有Omega3脂肪酸和抗氧化剂，都是猫咪体内所需求的。平时适当食用虾或者含有虾肉罐头是没有问题的。如果猫咪的胰腺和肠胃不太好的话，那么给它吃虾的话，最好的方式就是水煮。过多的油脂、调味品都会导致猫咪不适。吃了虾壳，特别是虾尾，是容易引发窒息或者食道梗阻的。有些猫，可能会对虾过敏，饲主要多注意。</p>',7.1,1,2);
INSERT INTO `aichong_quesansw` (`id`,`subject`,`description`,`content`,`vote_numbers`,`doctor_id`,`category_id`) VALUES (7,'两个月的猫相当于人几岁','两个月的猫相当于人两岁半，猫咪的年龄计算一岁等于人的15岁，2岁时相当于人的24岁，其后每一年相当于人的4年。猫咪1岁到2岁的时','<p>两个月的猫相当于人两岁半，猫咪的年龄计算一岁等于人的15岁，2岁时相当于人的24岁，其后每一年相当于人的4年。猫咪1岁到2岁的时候，迅速的成熟长大，人类年龄直接增加9年，之后岁数按照猫咪每一岁，人类增加4岁的顺序匀速递增。而当自己家猫咪21岁的时候，就相当于一个百岁老人了。对于人类来讲可能是十几年二十年，但是对于猫咪来讲就是一辈子，各位铲屎官一定要珍惜自己家的猫咪。一般家猫的平均寿命在15年左右，每个猫咪情况不同有些猫咪会更久，当一只猫超过8岁时，就要进行定期检查了，同时还要为它的生活做好充足准备。</p>',5.1,2,2);
INSERT INTO `aichong_quesansw` (`id`,`subject`,`description`,`content`,`vote_numbers`,`doctor_id`,`category_id`) VALUES (8,'猫不停的晃头腿失去平衡','猫不停的晃头腿失去平衡时首先检查下猫咪耳朵，观察下耳朵里面脏不脏有没有耳螨可能，耳螨会导致猫咪频繁晃头，严重时腿脚失去平','<p>猫不停的晃头腿失去平衡时首先检查下猫咪耳朵，观察下耳朵里面脏不脏有没有耳螨可能，耳螨会导致猫咪频繁晃头，严重时腿脚失去平衡。如果耳朵没有问题就要考虑其它因素了，比如发育不良、缺钙、细菌感染、脑部的肿瘤压迫神经、其他神经性疾病、也有可能是因为猫咪机体发生严重脱水或者贫血的情况等，需要结合猫咪具体情况进行检查，建议主人带猫咪去宠物医院检查确诊。如果是缺钙导致的主人需要及时给猫咪进行补钙，比如饲喂液体钙、适当晒太阳、适当运动、补充机体营养等等。</p>',3.1,1,2);
INSERT INTO `aichong_quesansw` (`id`,`subject`,`description`,`content`,`vote_numbers`,`doctor_id`,`category_id`) VALUES (9,'斑马鱼为啥会啄其他鱼','斑马鱼啄其他鱼是因为喂食量不够以及水质太差导致的，这个时候一定要注意保证饮食以及水质的健康。喂食量不够、水质太差，导致行','<p>斑马鱼啄其他鱼是因为喂食量不够以及水质太差导致的，这个时候一定要注意保证饮食以及水质的健康。</p><p>喂食量不够、水质太差，导致行为紊乱，感染寄生虫或病菌。一般而言，一群鱼里总有一两条头鱼，头鱼的攻击性是比较强的，会抢食和攻击其他鱼。</p><p>红斑马鱼体细长，身体上纵向分布着数条金色线条，身体颜色为红色，加上薄而透明的鳍，游动起来十分漂亮，对于红斑马鱼怎么喂食来说，首先要了解斑马鱼吃什么，掌握了这两点红斑马鱼饲养起来会很容易，小型鱼都比较喜欢抢食，所以喂食也需要掌握一定的方法，包括喂食量，喂食时间等。</p><p>红斑马鱼怎么喂食主要是掌握喂食量以及喂食时间点，观赏鱼饲养坚持一个原则：少量多次喂食；每次喂食量不可过多，容易营养过导致变形，抢食厉害的容易发胖，吃不到食物的体型弱小，导致严重的体型不协调，影响观赏价值，所以斑马鱼喂食还是有讲究的，可以少量多次喂食，一般情况之下可以分为3次喂食，早、中、晚各一次，每次喂食量七分饱就好，每次可全缸均匀的撒开，避免有些弱小的鱼吃不到，以20条红斑马鱼为例，以15秒内吃完为准，斑马鱼进食很快的，15秒之内吃完最合适不过了。</p><p>斑马鱼的饮食以及水质健康，是非常关键的。</p>',3.1,3,3);
INSERT INTO `aichong_quesansw` (`id`,`subject`,`description`,`content`,`vote_numbers`,`doctor_id`,`category_id`) VALUES (10,'血鹦鹉会吃其他小鱼吗','血鹦鹉是会吃其他小鱼的，饲主在混养血鹦鹉的时候，体型的大小需要多多注意。鹦鹉鱼是生活在珊瑚礁中的热带鱼类，由于鹦鹉鱼有特','<p>血鹦鹉是会吃其他小鱼的，饲主在混养血鹦鹉的时候，体型的大小需要多多注意。</p><p>鹦鹉鱼是生活在珊瑚礁中的热带鱼类，由于鹦鹉鱼有特殊的消化系统，其会用它们板齿状的喙将珊瑚虫连同它们的骨骼一同啃下来，再用咽喉齿磨碎珊瑚虫，然后吞入腹中。有营养的物质被消化吸收，而珊瑚的碎屑被排除体外。同时，鹦鹉鱼也会从珊瑚礁上刮食藻类和珊瑚的软质部分。</p><p>人工饲养的鹦鹉鱼食性杂，人工饵料、薄片、颗粒、红虫、丰年虾、水虱、面包虫、小鱼、水蚤、蚯蚓等等几乎什么都吃，而且相当贪吃（每天可以喂2~3次）。</p><p>鹦鹉鱼吃什么饲料好？</p><p>1）早期的坊间流传：“血鹦鹉要吃虾子，体色才会红润！”这观念是相当正确的。因为虾子体内的“虾红素”可促进血鹦鹉显扬体色，若能充分地摄取虾红素，血鹦鹉的体色鲜红欲滴是指日可待的。不过现在已经不用这么麻烦了，许多坊间可获得血鹦鹉专用饲料中，添加了虾红素和“β一类胡萝卜素”的饲料，直接投喂就可让血鹦鹉的体色维持在艳红色的情况下。</p><p>2）吃惯了活饵的鱼，会不太喜欢吃颗粒的。在喂鱼儿爱吃的饲料之前，先少量喂食能增色的颗粒，要少，等鱼儿适应后，逐渐加多颗粒，减少爱吃的饲料，慢慢就转过来了。</p><p>饲养血鹦鹉的时候，注意饵料的选择。</p>',1.9,1,3);
INSERT INTO `aichong_quesansw` (`id`,`subject`,`description`,`content`,`vote_numbers`,`doctor_id`,`category_id`) VALUES (11,'接吻鱼会咬其他鱼吗','接吻鱼在饲养过程中通常是不会咬其它的鱼的，在饲养鱼儿的时候一定要保证鱼类有着一个健康的水质，这样才能够让鱼儿更好的成长。接吻鱼非常温和，别看它长的个子大，但它是不会咬别的鱼的。倒是对虎皮要注意，这种鱼有时会咬别的鱼。亲吻鱼实际上是非常挑食的。想干饲料、蚯蚓和蚯蚓这样的活食物都是不错的选择。','<p>接吻鱼在饲养过程中通常是不会咬其它的鱼的，在饲养鱼儿的时候一定要保证鱼类有着一个健康的水质，这样才能够让鱼儿更好的成长。</p><p>接吻鱼非常温和，别看它长的个子大，但它是不会咬别的鱼的。倒是对虎皮要注意，这种鱼有时会咬别的鱼。</p><p>亲吻鱼实际上是非常挑食的。想干饲料、蚯蚓和蚯蚓这样的活食物都是不错的选择。但只对气缸壁上的青苔和藻类情有独钟。大多数接吻鱼主人会发现大部分时间都呆在鱼缸的一边，偶尔会遇到敌人，亲吻对方，直到对方放弃，气缸壁再次清洗。主人可以在绿水里放些鹅卵石来种植海藻，然后把它们放在一个大桶里，让鱼亲吻，然后再添加适当水量，切记，千万不能把鹦鹉鱼和接吻鱼混在一起进行饲养。</p><p>接吻鱼也不算难养热带鱼，至少它的生命力很顽强，只有在鱼缸里才会有明显的拒食现象，接吻鱼是一种清洁剂。对气缸壁有良好的清洗效果。就个人而言，认为红色蠕虫是一个不错的选择，红色蠕虫是最开放的观赏鱼饲料，大多数鱼都可以接受的，接吻鱼其次是小颗粒饲料，接吻鱼饲料最好植物饲料，颗粒太大的吻鱼不能吞下，也是一个很好的接吻鱼让主人这个问题是相对简单的方法。</p><p>饲养接吻鱼的时候，主人一定要关注接吻鱼的状态才行的。</p>',1.9,3,3);


CREATE TABLE `aichong_doctor`(
	`id` MEDIUMINT UNSIGNED NOT NULL KEY AUTO_INCREMENT COMMENT '医生ID,主键且自增',
	`docname` VARCHAR(30) NOT NULL UNIQUE COMMENT '医生名,唯一约束',
	`docavatar` VARCHAR(50) NOT NULL COMMENT '医生头像',
	`docaddress` VARCHAR(50) NOT NULL COMMENT '医院地址名称'
);

INSERT `aichong_doctor`(`id`,`docname`,`docavatar`,`docaddress`) VALUES(1,'张福礼','tx.jpg','北京市瑞派良良宠物医院');
INSERT `aichong_doctor`(`id`,`docname`,`docavatar`,`docaddress`) VALUES(2,'李翼杭','ly.jpg','上海市瑞良良派宠物医院');
INSERT `aichong_doctor`(`id`,`docname`,`docavatar`,`docaddress`) VALUES(3,'王西西','wx.jpg','广州市良良瑞派宠物医院');


CREATE TABLE `aichong_category`(
	`id` INT UNSIGNED NOT NULL KEY AUTO_INCREMENT COMMENT '问题类型ID,主键且自增',
        `category_name`  VARCHAR(50) NOT NULL COMMENT '问题分类名'
);

INSERT `aichong_category`(`id`,`category_name`) VALUES(1,'狗狗类问题');
INSERT `aichong_category`(`id`,`category_name`) VALUES(2,'猫猫类问题');
INSERT `aichong_category`(`id`,`category_name`) VALUES(3,'其他问题');